{
  "rasa_core": "0.9.1",
  "ensemble_name": "rasa_core.policies.ensemble.SimplePolicyEnsemble",
  "action_fingerprints": {
    "utter_ask_actiontype": {
      "slots": []
    },
    "utter_ask_username": {
      "slots": []
    },
    "utter_goodbye": {
      "slots": []
    },
    "action_listen": {
      "slots": [
        "actiontype",
        "username"
      ]
    },
    "utter_ask_more_info": {
      "slots": []
    },
    "utter_thanks": {
      "slots": []
    },
    "action_on_user": {
      "slots": [
        "actiontype",
        "username"
      ]
    },
    "utter_greet": {
      "slots": []
    }
  },
  "policy_names": [
    "rasa_core.policies.memoization.MemoizationPolicy",
    "rasa_core.policies.keras_policy.KerasPolicy"
  ],
  "max_histories": [
    5,
    5
  ]
}