{
  "deactivated": "deactivate",
  "off": "deactivate",
  "enable": "activate",
  "disable ": "disable",
  "switch off": "deactivate",
  "on": "activate",
  "disable": "deactivate",
  "give": "activate",
  "activate ": "activate",
  "revoke": "deactivate",
  "activated": "activate",
  "activating": "activate",
  "deactivate ": "deactivate",
  "remove": "deactivate",
  "add": "activate",
  "grant": "activate",
  "switch on": "activate",
  "turn on": "activate",
  "turn off": "deactivate"
}