{"use_intent_probabilities": false, "remove_duplicates": true, "py/object": "rasa_core.featurizers.MaxHistoryTrackerFeaturizer", "state_featurizer": {"user_feature_len": 7, "num_features": 21, "py/object": "rasa_core.featurizers.BinarySingleStateFeaturizer", "input_state_map": {"prev_utter_thanks": 20, "intent_intent_bye": 1, "prev_utter_ask_username": 15, "intent_intent_thanks": 4, "intent_intent_greet": 0, "prev_utter_ask_actiontype": 16, "entity_username": 6, "prev_action_listen": 10, "entity_actiontype": 5, "slot_actiontype_1": 8, "slot_actiontype_0": 7, "intent_intent_user_issue": 2, "intent_intent_affirm": 3, "prev_utter_goodbye": 13, "prev_utter_on_it": 18, "prev_utter_ask_more_info": 19, "prev_utter_greet": 12, "prev_action_restart": 11, "prev_utter_ask_confirm": 17, "prev_action_on_user": 14, "slot_username_0": 9}, "slot_feature_len": 3}, "max_history": 5}