{"config": [{"config": {"dtype": "float32", "trainable": true, "batch_input_shape": [null, 5, 21], "name": "masking_1", "mask_value": -1}, "class_name": "Masking"}, {"config": {"recurrent_activation": "hard_sigmoid", "stateful": false, "bias_initializer": {"config": {}, "class_name": "Zeros"}, "recurrent_initializer": {"config": {"seed": null, "gain": 1.0}, "class_name": "Orthogonal"}, "activation": "tanh", "trainable": true, "unroll": false, "recurrent_regularizer": null, "kernel_initializer": {"config": {"seed": null, "scale": 1.0, "mode": "fan_avg", "distribution": "uniform"}, "class_name": "VarianceScaling"}, "recurrent_constraint": null, "go_backwards": false, "return_sequences": false, "bias_regularizer": null, "bias_constraint": null, "unit_forget_bias": true, "units": 32, "recurrent_dropout": 0.0, "implementation": 1, "return_state": false, "activity_regularizer": null, "kernel_regularizer": null, "name": "lstm_1", "kernel_constraint": null, "use_bias": true, "dropout": 0.2}, "class_name": "LSTM"}, {"config": {"bias_constraint": null, "dtype": "float32", "bias_initializer": {"config": {}, "class_name": "Zeros"}, "batch_input_shape": [null, 32], "activation": "linear", "units": 11, "trainable": true, "bias_regularizer": null, "kernel_initializer": {"config": {"seed": null, "scale": 1.0, "mode": "fan_avg", "distribution": "uniform"}, "class_name": "VarianceScaling"}, "activity_regularizer": null, "kernel_regularizer": null, "kernel_constraint": null, "use_bias": true, "name": "dense_1"}, "class_name": "Dense"}, {"config": {"trainable": true, "name": "activation_1", "activation": "softmax"}, "class_name": "Activation"}], "backend": "tensorflow", "keras_version": "2.1.6", "class_name": "Sequential"}